Timestamp,NAME/NAMA (as in NRIC) :,NRIC NO,GENDER/JANTINA:,AGE CATEGORY/ KATEGORI UMUR,SCHOOL NAME/NAMA SEKOLAH:,CONTACT NO/NO TELEFON :,E-MAIL/E-MEL,AGE PROOF (UPLOAD NRIC OR BIRTH CERTIFICATE),PAYMENT PROOF:
7/8/2026 21:19:51,TEO CHEN CHEN QI,140809055609,M/L,UNDER 12,SMK WANGSA MAJU,0194059481,teo11@gmail.com,https://drive.google.com/open?id=rIhSymbxcqeqo1YQUJ8Myl32vuC8kgioy,https://drive.google.com/open?id=Vfp7iNMLh8I4qZZO909zNgzJfG1cOfX6V
7/8/2026 21:20:21,IZZATI AISYAH BINTI YUSOF,091123078298,F/P,UNDER 18,SMK AMPANG,0199535054,izzati98@outlook.com,https://drive.google.com/open?id=31FbmQ8WU6oYvn79CE7roYT-j0KxJGdw1,https://drive.google.com/open?id=Vp8kcirQ5CcvDedcWUJB54Qz3gpmg2FMh
7/8/2026 22:18:36,NUR HANA BINTI IBRAHIM,100513125280,F/P,UNDER 18,SEKOLAH MENENGAH KEBANGSAAN AMINUDDIN BAKI,0122080092,nur_55@yahoo.com,https://drive.google.com/open?id=fkA4PcI9P1RLrYWOVafGAblk7x8r5LZsP,https://drive.google.com/open?id=lHTtZWO4wLjF98vVu4Ev58EBoUGeKraJO
7/8/2026 22:21:22,TAN MING JIA,100619121585,M/L,UNDER 18,SMK BANDAR PUCHONG JAYA,0135680329,tan.77@gmail.com,https://drive.google.com/open?id=T3kA5Z_MvVfUHfsKbkciOL_KMIK1OnhnQ,https://drive.google.com/open?id=JN2s-C8wAx18jWdTtl-6Y7S4IiNjszo_c
7/8/2026 23:05:45,WONG JUN CHEN WEI,080312029540,F/P,UNDER 18,SMK SULTAN ABDUL SAMAD,0105317322,parent_wong@yahoo.com,https://drive.google.com/open?id=qa_aNZqLjkx0ANOoQ8aYKn9JugYMmvF8N,https://drive.google.com/open?id=WB33jGG9jdIUKuEBCVefOkr619hJzhB1l
7/8/2026 23:48:46,ONG AN FANG,081127134618,F/P,UNDER 18,SMJK YU HUA,0196195763,ong90@yahoo.com,https://drive.google.com/open?id=BbWZZ0OJNXeBwnncy0ijFte7lUSPYZBSq,https://drive.google.com/open?id=NPUJsgFDzm16pqUhzLxTBRh2rvUsleImT
7/9/2026 2:08:47,ZUL HAFIZ BIN RAHMAN,160915142465,M/L,UNDER 12,SMK DATO HAJI ABDUL GHANI,0126507689,zul_81@hotmail.com,https://drive.google.com/open?id=uElH8ZLn44lw2lRSSKcasc85nALMOLbTC,https://drive.google.com/open?id=mC80En0_d-8PxOhh2buXvHY6lAcRgbopa
7/9/2026 2:19:18,LEE ZHEN JIA,080205029949,M/L,UNDER 18,SMK SERI TANJUNG,0101692485,lee.79@gmail.com,https://drive.google.com/open?id=-d9at3qg8hYshedo9Xlo5EuUWKS5bM_PP,https://drive.google.com/open?id=zM2cRxTEIbhZWSwSPQL5HApz810Xo8ylO
7/9/2026 2:49:02,SHALINI SARANYA A/P RAJAN,090710033828,F/P,UNDER 18,SMK BANDAR PUCHONG JAYA,0128496547,shalini_13@hotmail.com,https://drive.google.com/open?id=1QJbDVo65hOyTRNDO2JtxrxAQL1f1Crp6,https://drive.google.com/open?id=2fpE_nr6xBBY8PO6-ecxqFdGGEAE0flU-
7/9/2026 5:18:16,WONG CHEN YING JUN,141002064728,F/P,UNDER 12,SMK BANDAR PUCHONG JAYA,0122658358,wong_84@yahoo.com.my,https://drive.google.com/open?id=3yI1Ub_lhNVqqDQTGzY8DicEnRnvXB9yY,https://drive.google.com/open?id=JInYgvvjl69k0mdtkxb9-FS9zuvgBoN6Z
7/9/2026 5:41:51,DIVYA KAVITHA A/P RAJAH,080517038200,F/P,UNDER 18,SMK BANDAR PUCHONG JAYA,0171407457,divya15@outlook.com,https://drive.google.com/open?id=QdnFB0Vmu4rUy6_qGjBe-nQsqqM5FUJV-,https://drive.google.com/open?id=TZK7Ae8vIPCSq4k6OaMz1MZsmm31H4DqM
7/9/2026 6:24:05,LEE QI CHEN XIN,091109042687,M/L,UNDER 18,SMK BANDAR UTAMA,0136871572,parent_lee@gmail.com,https://drive.google.com/open?id=Acy2pB4RYJJpGCo5sR2PesI3RZpe3APNT,https://drive.google.com/open?id=E8v8T4N4FWKEAPSoj9U4C1ae27oouDM7y
7/9/2026 7:27:06,FARAH SITI BINTI HALIM,090518028210,F/P,UNDER 18,SMK SULTAN ABDUL SAMAD,0107894685,farah_61@outlook.com,https://drive.google.com/open?id=YR4yHrhKclS3I1MJH5rB5eu7k-hBz44pb,https://drive.google.com/open?id=efZmmxCnL6R8d9ET78Wl6AnUF3RdIZBtX
7/9/2026 12:10:48,AHMAD HAFIZ BIN HASSAN,090328028141,M/L,UNDER 18,SMK BANDAR UTAMA,0198408348,ahmad.42@outlook.com,https://drive.google.com/open?id=0Sobk17k0oY_HNI_S6sfXY_vycm-Bk-Iu,https://drive.google.com/open?id=Q5Mq_vXLcpp2EI5_ITzyDoKtNKCWvFNQD
7/9/2026 12:29:41,NABILA AISYAH BINTI HASSAN,080622111864,F/P,UNDER 18,SMK SUBANG JAYA,0162534100,nabila_53@outlook.com,https://drive.google.com/open?id=bZGW7aYOKumQRyjrzhuWj4UXuCRA5aOg-,https://drive.google.com/open?id=HF1kCtrINCRZjPfAuP7bsUr_LBckIHwXo
7/9/2026 12:38:58,AHMAD MUHAMMAD BIN ALI,141208053611,M/L,UNDER 12,SMJK KATHOLIK,0199701496,ahmad.9@yahoo.com.my,https://drive.google.com/open?id=XITttH9CVca7mHabajGbntp4BRvHtTPdR,https://drive.google.com/open?id=KdCWb1w3IpcJkw7whHceDn-T8B6ZQaBTZ
7/9/2026 12:44:34,GOH MEI LING,091225057177,M/L,UNDER 18,SMK CHERAS,0171357238,goh50@outlook.com,https://drive.google.com/open?id=BR1xuSkSw4kfnDDr0MbLAsDLUzRcyKmrC,https://drive.google.com/open?id=r5WaQ1DL3SQJZbDFNbaF9S0miiUgaBUq9
7/9/2026 14:57:00,PRIYA SARANYA A/P NADARAJAH,100120076742,F/P,UNDER 18,SMK TINGGI KAJANG,0187298170,priya.80@outlook.com,https://drive.google.com/open?id=iJekV_Y3lDBaoF0z0_uvcuf4g_iR_Ryfe,https://drive.google.com/open?id=rdN0HC_5I-4aeAsQGyKf8dSbYUA4C1f7v
7/9/2026 16:32:30,KUMAR RAJ A/L MENON,160813076925,M/L,UNDER 12,SMK TAMAN MELAWATI,0101378626,kumar_44@yahoo.com.my,https://drive.google.com/open?id=wb8vcnk84ZafMSnUcXZ2CPqEvS8UyeRrX,https://drive.google.com/open?id=MCXwXHC-HCbjtxPFax53K6RWK0ICPrOY_
7/9/2026 17:00:32,VIGNESH KARTHIK A/L PILLAI,091215114487,M/L,UNDER 18,SMK TAMAN CONNAUGHT,0179182279,vignesh99@yahoo.com.my,https://drive.google.com/open?id=0egJGFxge31kCZS4XU2PsK6OSSlXnHMtj,https://drive.google.com/open?id=4wiolKXSrcluLrh8EdsT9yoe7q3BlwE5b
7/9/2026 17:43:10,IMRAN HAFIZ BIN OMAR,090321028693,M/L,UNDER 18,SMK SERI PERMAISURI,0188912036,imran_80@outlook.com,https://drive.google.com/open?id=gzZi3pjf7mh67l0qBOLbOKAq1Cooeeb9J,https://drive.google.com/open?id=LTAVvo-mppx7Ilp1NcPyMNAVzmQlmQrDK
7/9/2026 17:44:46,AISYAH NABILA BINTI ZAINAL,140107122676,F/P,UNDER 12,SMJK CONFUCIAN,0131082946,aisyah_34@outlook.com,https://drive.google.com/open?id=iTLoCML6s9CK383GV3ZVKqA40hpx3fzvS,https://drive.google.com/open?id=G_JFXMv7801KRkVstw4SmlqWdWLSWzh20
7/9/2026 17:46:19,ZUL AMIR BIN NASIR,080513159567,M/L,UNDER 18,SMK SULTAN ABDUL SAMAD,0128078924,parent_zul@outlook.com,https://drive.google.com/open?id=H7qkcRQJmroNRCCimrtm0wErTD2wg0mr1,https://drive.google.com/open?id=Lmlmid1nQQ1jIPRkFW6yLmeV5QrwwJAZc
7/9/2026 18:18:04,ANJALI LAKSHMI A/P DAS,160613029454,F/P,UNDER 12,SMK AMPANG,01164878005,anjali_64@gmail.com,https://drive.google.com/open?id=JJr8-V0lu7ih5t_xmhYXaYt3nxVEGRKJg,https://drive.google.com/open?id=oOdA5Qweye9IccKa08SBa1seiclyq4V_q
7/9/2026 18:18:25,IZZATI IZZATI BINTI RAHMAN,150215124578,F/P,UNDER 12,SMK TINGGI KAJANG,0148408072,izzati_27@yahoo.com.my,https://drive.google.com/open?id=Rh1Tl6ajW3TrVgPBBtjnBCF9yORykgPDg,https://drive.google.com/open?id=bDTfxNRv-wyoIvvyPyyoyeEfvyb2K9KYk
7/9/2026 18:45:02,ZUL SYAFIQ BIN ZAINAL,090814156095,M/L,UNDER 18,SMK PUTRAJAYA,0125604237,parent_zul@outlook.com,https://drive.google.com/open?id=J4f7jA5vyqy1GV5wUx2IvleO9zJUc6Z7e,https://drive.google.com/open?id=yAcVaANMc4rnjYEx4YbzANjvbEycJE5R0
7/9/2026 18:46:09,YAP YI YONG JIA,101219119154,F/P,UNDER 18,SMK SHAH ALAM,0188543242,yap_79@hotmail.com,https://drive.google.com/open?id=zbnFL7zu-AXbufch5TIyFC1FObCO6aQMU,https://drive.google.com/open?id=0zvQL83LzvOXo1BiWGD2d4jg_OnxGuBj0
7/9/2026 19:35:31,NABILA IZZATI BINTI HALIM,150619048618,F/P,UNDER 12,SMK SUBANG JAYA,0178222240,nabila.34@yahoo.com,https://drive.google.com/open?id=0qv7j8pECSrFYHPm2qzPlOcN2U48F-tI0,https://drive.google.com/open?id=lpR5Y2cLfBYmOfkXism8I4TSzRaAGQevV
7/9/2026 21:02:34,DEEPAK MURUGAN A/L KRISHNAN,141227127487,M/L,UNDER 12,SMK AMPANG,0108253111,deepak83@yahoo.com.my,https://drive.google.com/open?id=az24Bmyt-TWOH1h7C5XWW6h-8P_37_JNT,https://drive.google.com/open?id=Edwpcyw0J4843yTlXjylWuSb7l8oGD_yr
7/9/2026 21:35:05,WONG AN JIA,090824027499,M/L,UNDER 18,SMK SEKSYEN 19,0179671356,wong_12@yahoo.com,https://drive.google.com/open?id=0uq9FdVTnUMiBB1RlBZg_BNS_ayQREAsz,https://drive.google.com/open?id=6T_j5HW_pyad-Stx1WC3OtIElgSe_ee7W
7/9/2026 21:48:04,HAKIM AMIR BIN HALIM,080727163267,M/L,UNDER 18,SMK AMPANG,0143382798,hakim.27@gmail.com,https://drive.google.com/open?id=qMSPUuaKQ_ghmD-r1dF242fG0ORQZ2Bk6,https://drive.google.com/open?id=r8l4W49ZgCDgvpAUn0EbVnIO3xELtfSSw
7/9/2026 21:52:06,WONG MEI FANG,090707051138,F/P,UNDER 18,SMK CHERAS,0107630366,parent_wong@outlook.com,https://drive.google.com/open?id=T2lBn8CWWZE_t6lIeGUTjqkjWy0B7RtGx,https://drive.google.com/open?id=C-CUtOimndYQWjIAQNy2sBXlvK1achnSV
7/10/2026 0:19:29,NG QI QI,161102097806,F/P,UNDER 12,SMK SETIA BUDI,0135516941,ng_45@yahoo.com.my,https://drive.google.com/open?id=0o1aQjlETIzzIIs_jHEJnuL4Z1mTU1USJ,https://drive.google.com/open?id=icPolB_Ube9o_NTTKDVu3LpzGTBtC-jLw
7/10/2026 0:51:44,REVATHI REVATHI A/P DAS,151204157670,F/P,UNDER 12,SMK SERI PERMAISURI,0181228215,parent_revathi@gmail.com,https://drive.google.com/open?id=fCFLhzTpbPutFEi6oG1VIb49aXSczSzQX,https://drive.google.com/open?id=WHR65doftU4yQeERUukneNDsf47Z00fIe
7/10/2026 1:06:04,GOH AN QI,161226026095,M/L,UNDER 12,SMK PUTRAJAYA,0188122541,parent_goh@yahoo.com.my,https://drive.google.com/open?id=I7DlNGEBrGp-9_QATdtGVZrZu5Sp35Pl4,https://drive.google.com/open?id=ShkQ26pDBmJgx21nQiY02BMyWUQsdbmBD
7/10/2026 1:17:59,KARTHIK MURUGAN A/L MENON,080504043053,M/L,UNDER 18,SMJK CONFUCIAN,0175891924,karthik_53@gmail.com,https://drive.google.com/open?id=5GQ4cMSXQ4e55gYNxqA7_xgOkuy3YOOh6,https://drive.google.com/open?id=UOf85Ix_mj9ASVLO6n_hzZuIPbxZcZMcv
7/10/2026 1:37:58,REVATHI SHALINI A/P PILLAI,081011026618,F/P,UNDER 18,SMK KLANG,0161120570,revathi54@yahoo.com,https://drive.google.com/open?id=vy1yGSi0LbmCBZs2mu7ijCPl_PvjwbqkB,https://drive.google.com/open?id=jKaBKEm1uPf_Lb0kcMX-1NnkBF2q1ChEq
7/10/2026 1:48:06,CHONG YONG JUN,161003085184,F/P,UNDER 12,SMK SUBANG JAYA,0188880380,chong_93@yahoo.com.my,https://drive.google.com/open?id=tuifaCt1CGDkZqXWUROkM8zbs_7nwACC_,https://drive.google.com/open?id=l5cM27aNEj1dE1J0-1fk-zXoZ38xh1Ib1
7/10/2026 2:49:35,ARUN VIJAY A/L NAIR,161218130763,M/L,UNDER 12,SMK PETALING JAYA,0107538554,arun_55@yahoo.com.my,https://drive.google.com/open?id=UKmZw9HzJc3hc30KzPCSdqeSs-TWQW43j,https://drive.google.com/open?id=X-QfH7O3Ir-4YqW4VOgIJiZQpjbxuXaN5
7/10/2026 4:45:46,IZZATI IZZATI BINTI ZAINAL,150827116142,F/P,UNDER 12,SMK SETIA BUDI,0192590780,izzati61@outlook.com,https://drive.google.com/open?id=tOzJ05d0mHTQNkvv2BnKvcbTgDTCDYS8X,https://drive.google.com/open?id=MDdnVSXcqMuFfLwIjSoXGAAuZyBGfwfbn
7/10/2026 5:10:14,NG WEI YI,081005029621,M/L,UNDER 18,SMK BANDAR UTAMA,0172101395,ng_51@gmail.com,https://drive.google.com/open?id=RjaUAGF2AkfJxgpKjM5a5qe0wy8IijspI,https://drive.google.com/open?id=7K7i6FAeMr2hQte8VVhj35PI_e4o6URgi
7/10/2026 5:51:33,HANA SITI BINTI ROSLAN,160325067538,F/P,UNDER 12,SMK SERI BINTANG UTARA,0180616793,parent_hana@yahoo.com,https://drive.google.com/open?id=garR2WrZyGp5CAkuE2mI4vFdYT8D9GTIb,https://drive.google.com/open?id=6pdegacOwHyYFMCzZTXJaZedPtI6C9bTJ
7/10/2026 5:59:06,AINA AINA BINTI ZAINAL,090422113326,F/P,UNDER 18,SMK SERI TANJUNG,0166856706,aina39@outlook.com,https://drive.google.com/open?id=LYm-PhmiJhpMY_I524fQD3VT14491iaWq,https://drive.google.com/open?id=nBMNKecKdut_fMiJ85i4pn_C7Dy5BpMJt
7/10/2026 7:39:47,IZZATI SITI BINTI KAMAL,080716164950,F/P,UNDER 18,SMK BUKIT JALIL,01120026741,izzati79@yahoo.com.my,https://drive.google.com/open?id=pLPHlolfTUBVDbIsEfUCN3RMLRFwBIBBK,https://drive.google.com/open?id=QWlBjNT3fUCj2GpEFODZ5glbm2c0yokA6
7/10/2026 7:55:53,AMIR MUHAMMAD BIN ISMAIL,160927147307,M/L,UNDER 12,SMK SEKSYEN 19,0166843820,amir_31@outlook.com,https://drive.google.com/open?id=VFF0VXhOhrV44zuFwbAlerg05y06a9aAv,https://drive.google.com/open?id=7wSEMYlhe3jGXV_-wh-8HTdqgeVbIW1NT
7/10/2026 8:34:37,WONG JUN HAO,081227076610,F/P,UNDER 18,SMK SERI KEMBANGAN,0137902605,wong7@gmail.com,https://drive.google.com/open?id=OdqGoQL6Wx-XclIZxe0K7HMV7W3wWS_ZP,https://drive.google.com/open?id=x59Im6mOSVs3NTuwTeC3bCSfdX-5tXr3V
7/10/2026 10:23:24,LEE KAI YU,151123019596,F/P,UNDER 12,SMJK KATHOLIK,0120024608,lee.87@outlook.com,https://drive.google.com/open?id=DOgYOAjMP7wAW67Fz7uTUgdkp1OppvepI,https://drive.google.com/open?id=I32Cu1cnegLES2X_Z7joM4kOOKf_42HRu
7/10/2026 10:58:16,HANA NABILA BINTI ROSLAN,151124081682,F/P,UNDER 12,SMK BANDAR PUCHONG JAYA,0171178102,hana.76@hotmail.com,https://drive.google.com/open?id=gHIKOMEVYSa_qHqj_YeLIlj4uGASZlrJA,https://drive.google.com/open?id=iWbM0apAuHpn6YX6GxaepjoROG1rnV3mY
7/10/2026 11:57:03,AHMAD HAFIZ BIN BAKRI,090219142847,M/L,UNDER 18,SEKOLAH MENENGAH KEBANGSAAN AMINUDDIN BAKI,0163861998,ahmad_50@outlook.com,https://drive.google.com/open?id=dH6WaggCWxgHJgwJk6k7HH6xmqpfoKu9M,https://drive.google.com/open?id=EDS27bx6UqY62XepTTbwON5ccWMS9mMXd
7/10/2026 12:34:57,AMIR DANIAL BIN ALI,160405163271,M/L,UNDER 12,SMK SULTAN ABDUL SAMAD,0174819864,amir.23@yahoo.com.my,https://drive.google.com/open?id=inui-rl66PIGaicZMmSfNJ-ipfyPw-AH8,https://drive.google.com/open?id=EWKw86ukTCGf3WODFGLaxcaTjOAFLZwDz
7/10/2026 13:00:55,SURESH SURESH A/L RAJAN,101110050721,M/L,UNDER 18,SMJK CONFUCIAN,0145270785,suresh_26@yahoo.com.my,https://drive.google.com/open?id=3TAkszenKIFntO9upCoafpU5Sx1DOmufJ,https://drive.google.com/open?id=u0-m9hYFQwoc9Uv5mrZJ8ZitaQO5rO75L
7/10/2026 13:55:23,KOH ZHEN SHU,160415131919,M/L,UNDER 12,SMK SEKSYEN 19,0109170912,koh.84@gmail.com,https://drive.google.com/open?id=aJnNN5yGTq4jgfxWrMQJuOJnCXatd_877,https://drive.google.com/open?id=czPKwdz__ifWsJnFwwlzuCehUgoRWzPDW
7/10/2026 15:01:21,LEE MEI CHEN YI,160811083371,M/L,UNDER 12,SMK CHERAS,0181701068,lee_54@yahoo.com,https://drive.google.com/open?id=q9yv3O_FWs3QM_EI3rB9c8WbbAvhjbB9g,https://drive.google.com/open?id=XoEMKZId5yS1Cj3jQRT91qqYbyNve8Iwp
7/10/2026 15:10:24,FARAH PUTRI BINTI ALI,140807033226,F/P,UNDER 12,SMK WANGSA MAJU,0180455063,parent_farah@yahoo.com.my,https://drive.google.com/open?id=roHe-iA8jWiL8gfuqkvvbXhK17l-bsF_0,https://drive.google.com/open?id=dv2J1K8wrP0mL4RCs2lN1cZdTB2Y3NjWQ
7/10/2026 15:12:29,PRAKASH DEEPAK A/L PILLAI,151112108489,M/L,UNDER 12,SMJK YU HUA,01181946927,parent_prakash@hotmail.com,https://drive.google.com/open?id=-oPXOkfD1E4RofDeTd5Yzz0iZac8LdpT_,https://drive.google.com/open?id=HsXOKUqsH0ZxOVJNCeUS2Tw57se2j-xAQ
7/10/2026 16:08:06,NG MING SHU,161220080588,F/P,UNDER 12,SMK DATO HAJI ABDUL GHANI,0177603515,ng_65@outlook.com,https://drive.google.com/open?id=Qseq1NKNoo4jmzkxfGukwfTtjHTaaOOwx,https://drive.google.com/open?id=jah94KDCacS6KxZBCWzzdtZd1tZMcOX3U
7/10/2026 16:46:36,VIJAY PRAKASH A/L SINGH,090908168887,M/L,UNDER 18,SMK CHERAS,0148593214,vijay_78@yahoo.com.my,https://drive.google.com/open?id=DRMeEDgNjbyXc0t1mj4UEVnPlgdd8fAkt,https://drive.google.com/open?id=fDOUIecybYSTy1DwsQDw7FtvlAM2E7wp-
7/10/2026 16:58:17,SYAFIQ AHMAD BIN ZAINAL,081127118675,M/L,UNDER 18,SMK SERI BINTANG UTARA,0178453322,syafiq.69@yahoo.com,https://drive.google.com/open?id=2Mn2xNwnmE1TZ65kCdy0YvhQcSOSycDDd,https://drive.google.com/open?id=PGVilkCMIwVvnkwuVgLu198ELbCWd54Pv
7/10/2026 17:16:43,HANA IZZATI BINTI RAHMAN,140723057380,F/P,UNDER 12,SMK PUTRAJAYA,0137640897,hana2@gmail.com,https://drive.google.com/open?id=mIHaYXXloWukshYcPe9Vl_ITBpBcHZLIp,https://drive.google.com/open?id=LrGm7GQIdddE4QfV_AxrNlKEE2IHkS_5c
7/10/2026 17:37:08,ARUN HARISH A/L NADARAJAH,140510064705,M/L,UNDER 12,SMK CHERAS,01111381306,arun.18@hotmail.com,https://drive.google.com/open?id=A935YBkgV9ONYI0DxzpOECXQkXz5RrSkZ,https://drive.google.com/open?id=tNQuFXQFTWZXEbb1GB0b71JDEKRXfuUp_
7/10/2026 18:03:24,KOH MING MEI AN,151107014662,F/P,UNDER 12,SMK SETIA BUDI,0126243439,parent_koh@gmail.com,https://drive.google.com/open?id=04uznDcTbqK9qQ1yLQMzleC1JS7HdDDf3,https://drive.google.com/open?id=P3P8zAKkcjMxH7MtIoSN-N7jSEjFftIZi
7/10/2026 18:29:22,MALATHI KAVITHA A/P NADARAJAH,160806046796,F/P,UNDER 12,SMK DATO HAJI ABDUL GHANI,0192539629,malathi71@hotmail.com,https://drive.google.com/open?id=sgIon15enLZfgRfEqM6OhRhbiKJOwP9Ex,https://drive.google.com/open?id=Y86SKhjhu4szlM38JWgo9Uepyf0Qm5nme
7/10/2026 18:53:50,SITI SITI BINTI RAHMAN,160209098734,F/P,UNDER 12,SMK BANDAR UTAMA,0120268808,siti.87@outlook.com,https://drive.google.com/open?id=S_bNlc30ZdYIPbQsDWDtityfObvXmxApt,https://drive.google.com/open?id=5UAEBiXiwUxG-M9cm33OLQubxSq93v96s
7/10/2026 19:38:24,SITI FARAH BINTI YUSOF,090519015174,F/P,UNDER 18,SMK SERI KEMBANGAN,0103412854,parent_siti@hotmail.com,https://drive.google.com/open?id=RZ-ipogBzsEgqUBg2PN4fyOY3L4O7XjEF,https://drive.google.com/open?id=2dXnvxuh2L_75WmRfRlCi_xHwL1Oe2IMn
7/10/2026 20:41:43,ZUL AHMAD BIN ROSLAN,140712169791,M/L,UNDER 12,SMK SUBANG JAYA,0172961512,zul.25@yahoo.com.my,https://drive.google.com/open?id=W2ciO1_r04e3LVpYAv_wZNn0BdyNjOfzN,https://drive.google.com/open?id=uI2sxFRp9aCiWNBzT2OAr9RvHdv78VpYx
7/10/2026 21:22:59,WONG YU MING,160804016809,M/L,UNDER 12,SMJK KATHOLIK,0199434160,wong_98@yahoo.com,https://drive.google.com/open?id=2P94pDzvHTt6Gc9sgPOhATRbZnXNZwXoO,https://drive.google.com/open?id=606JunEog_qu3S266GEN7a3v6t_g4z1Ky
7/10/2026 22:41:26,CHUA LING MING AN,141006090951,M/L,UNDER 12,SMK BUKIT JALIL,0170277243,chua_37@yahoo.com.my,https://drive.google.com/open?id=6CA6__1rhfFT3UThpsXJ9arSHsYbEU7AM,https://drive.google.com/open?id=ButppexgckoxrLpaUxMXNTMRZyXQDMkye
7/10/2026 22:51:46,PRIYA NISHA A/P RAJAN,080108149868,F/P,UNDER 18,SMK KLANG,0186213633,priya86@yahoo.com,https://drive.google.com/open?id=HokTkm2_ebwidnQGSJweixixV32sQjO0f,https://drive.google.com/open?id=_uQR6kOpu4xw_xUV_kuC0jmutPnZCxdBz
7/10/2026 23:26:44,NUR HANA BINTI ABDULLAH,101217080888,F/P,UNDER 18,SMK BANDAR UTAMA,01186673410,nur_60@gmail.com,https://drive.google.com/open?id=KD1AMXqK2Xofxgtzz4cFifXjrncL8iAzq,https://drive.google.com/open?id=ALhLyrbGkr_e2wmSy2PWGu6hgcGPEZ6JC
7/10/2026 23:42:07,GOH WEI WEI,091018137125,M/L,UNDER 18,SMK SULTAN ABDUL SAMAD,01147944751,goh89@yahoo.com,https://drive.google.com/open?id=Je8A2eKBnW5hxG01zPgw_ChGbtlPZlT6d,https://drive.google.com/open?id=t7LOxDvNQQSQSOiWrexQmNpFov1vCR2r4
7/11/2026 1:13:32,WONG QI XIN,150921056491,M/L,UNDER 12,SMK TAMAN DESA,0192023950,wong98@yahoo.com.my,https://drive.google.com/open?id=4Eace8MckKj3HwJD4-t98N5C6In9AMxfV,https://drive.google.com/open?id=BbVF5Z3Npw_1LrbjU6nujAwyjB0gyzGuT
7/11/2026 1:14:31,SURESH MURUGAN A/L DAS,150110074947,M/L,UNDER 12,SMK SHAH ALAM,0130227851,suresh61@hotmail.com,https://drive.google.com/open?id=XGB9dYrXxMEJ0-QJ15AoA0CSFEbr2oRFp,https://drive.google.com/open?id=YzsC9B-epRtgpWZOZ123rwdfeo5aIcE79
7/11/2026 3:01:38,SYAFIQ ZUL BIN ABDULLAH,091028101673,M/L,UNDER 18,SMJK CONFUCIAN,0193310618,syafiq.33@outlook.com,https://drive.google.com/open?id=7NGod7aa6gCdJbxhnzP_g9Joey7BU9yuD,https://drive.google.com/open?id=GeCcj7P0dO0GzFZzo_lKytNhBOXPDJ36u
7/11/2026 3:59:34,VIJAY SURESH A/L MENON,161016156739,M/L,UNDER 12,SMK BANDAR UTAMA,0105716913,vijay_56@hotmail.com,https://drive.google.com/open?id=5mtS_3V51FtHTvrbvGhYRg5u-kodQG39o,https://drive.google.com/open?id=cJ4jS4sFaSI4B3G7QQj_BXDHq8e6DYYPR
7/11/2026 4:17:31,CHUA JUN CHEN,090923161645,M/L,UNDER 18,SMK WANGSA MAJU,0168269347,chua6@hotmail.com,https://drive.google.com/open?id=9O-phl1VlyLUgLGuqXyL2svp1MkVoWrEw,https://drive.google.com/open?id=ZxIFNuUQiftJAoLoqWzgvzJmEYTTdA3fk
7/11/2026 4:53:14,SYAFIQ DANIAL BIN ABDULLAH,160507168109,M/L,UNDER 12,SMK SERI PERMAISURI,0124051274,syafiq81@hotmail.com,https://drive.google.com/open?id=8_ZGRR823GW_oGPj0UqlkGnD_LQt0erLL,https://drive.google.com/open?id=vuE-zDsy8Ls8bO2FuPByh1o-k0ZpkZVru
7/11/2026 5:02:42,NABILA NUR BINTI YUSOF,080507032598,F/P,UNDER 18,SMJK CONFUCIAN,01191914662,parent_nabila@hotmail.com,https://drive.google.com/open?id=UvhdgPKzfEFfZm1tN53W5y_Fw5gD9Ruba,https://drive.google.com/open?id=6B87Trjoo3vOEB8teW9oRoDnM2er5BfBh
7/11/2026 6:08:44,VIGNESH RAJ A/L DAS,080123022819,M/L,UNDER 18,SEKOLAH MENENGAH KEBANGSAAN AMINUDDIN BAKI,0141331033,vignesh_23@outlook.com,https://drive.google.com/open?id=qRBB9UXmtSRg4dyX_Te2DkgXx6dlYnFQF,https://drive.google.com/open?id=jhFCU8LcKYYPJ1l45sFrO5i9-8VPOIhbK
7/11/2026 6:49:04,INDIRA PRIYA A/P RAJAH,080712011432,F/P,UNDER 18,SMK KLANG,0167709992,parent_indira@gmail.com,https://drive.google.com/open?id=UODLofl-I-wbdflB0-Pxw27NuoK1N3MU3,https://drive.google.com/open?id=hS1Bj-NRwlrTZxt1vy4jerm7B-xNv8aAa
7/11/2026 7:19:46,INDIRA NISHA A/P SUNDARAM,160815067630,F/P,UNDER 12,SMK AMPANG,0142033712,indira.8@yahoo.com.my,https://drive.google.com/open?id=aqGvQVJClSuBOKDYqQJTkweYMZEjkG3K0,https://drive.google.com/open?id=4WyJZTuyBq3jCmEO1AKBq8WZ2QYjcnS6P
7/11/2026 7:27:35,SOFEA SOFEA BINTI AHMAD,160906095028,F/P,UNDER 12,SMK SHAH ALAM,0198434860,sofea.20@outlook.com,https://drive.google.com/open?id=STtSDkqfLDeZ8bLar9hmtPAxEMX_G7vV4,https://drive.google.com/open?id=9zFtmyKnsKrjCt-0Fuv0ZkTqouYM5Y1Df
7/11/2026 8:38:58,CHEW SHU YU,140726164653,M/L,UNDER 12,SMK BUKIT JALIL,0141981695,chew28@gmail.com,https://drive.google.com/open?id=Mq8l92XSp-qwOg3t3sv5wQg9EsrV7R23y,https://drive.google.com/open?id=X0kSBeykG8gy1wFkAi0-1v6R-C1TbaDsR
7/11/2026 9:19:00,SURESH SIVA A/L MURUGAN,150124108623,M/L,UNDER 12,SMK KLANG,0172215569,suresh_51@yahoo.com,https://drive.google.com/open?id=-ulXk243EwxrDbp7M04AFrkUyg8DASqP6,https://drive.google.com/open?id=djzSp5cFYJOucnDg6Tqw-HV_IwJoGiZSK
7/11/2026 9:32:31,TEO AN CHEN,080527051939,M/L,UNDER 18,SMK SULTAN ABDUL SAMAD,0108376312,teo.83@outlook.com,https://drive.google.com/open?id=px2dT9YeFJNxp18AtnvP_XzZ_N4Cngdfx,https://drive.google.com/open?id=xmHoBcKw2INCDO7sYxMdcOfTTP9P60lTH
7/11/2026 10:31:18,CHONG YONG JIA,100420086135,M/L,UNDER 18,SMK WANGSA MAJU,0139998599,parent_chong@outlook.com,https://drive.google.com/open?id=Kkm4e_0JHg8vuDiMiIqHPTUYQCpfNoi9x,https://drive.google.com/open?id=9c2AYFLqXIgT_GwWc8MYoJPAvipv4Wd5I
7/11/2026 10:59:15,PRAKASH KARTHIK A/L SUNDARAM,090928148861,M/L,UNDER 18,SMK SERI KEMBANGAN,0141358608,prakash_78@outlook.com,https://drive.google.com/open?id=QQ5OGZczNo6lD22-6ItYJsLF0NRKsirIk,https://drive.google.com/open?id=gEqf_nYJC4XEacbQTVViUae5gAdpKYHxX
7/11/2026 11:53:26,VIGNESH RAJ A/L MURUGAN,150822027187,M/L,UNDER 12,SMK PETALING JAYA,0126213917,vignesh98@gmail.com,https://drive.google.com/open?id=o_nruWVR85PqSF-OskQjCRSEUu7v8jpVA,https://drive.google.com/open?id=6x4jkApBknGjZaJzRBpz6GqM_UiMnUe_q
7/11/2026 12:35:35,NG MING LING,100716153141,M/L,UNDER 18,SMK SEKSYEN 19,0104421248,ng_87@gmail.com,https://drive.google.com/open?id=yST0S_n2fM6iaU5ETWsuSF8juCM960cnT,https://drive.google.com/open?id=VSooxXWSA5Orsb8JrkWos7g7LXb8ztDcM
7/11/2026 13:10:23,SYAFIQ HAKIM BIN ISMAIL,090119157439,M/L,UNDER 18,SMK TAMAN DESA,0121571547,parent_syafiq@gmail.com,https://drive.google.com/open?id=Kkr-eXPiehoyNomQmgsjRPZP0Y6NVnTNz,https://drive.google.com/open?id=QkSrAAI08qnk85RYoqo0PLtZ51UE2JDsQ
7/11/2026 13:29:20,GOH XIN QI YONG,160321031672,F/P,UNDER 12,SMK SETIA BUDI,0175945695,parent_goh@gmail.com,https://drive.google.com/open?id=znlzx5wpb3D3pOpEEhe_gXwmWWyvOM4fe,https://drive.google.com/open?id=TJCHUHbwtlbHwaz0ICDMjynM0_G5KJzeX
7/11/2026 13:42:14,CHEW HAO KAI,081214081426,F/P,UNDER 18,SMK SENTUL,0160570190,chew_60@hotmail.com,https://drive.google.com/open?id=bcHTBP6RQfgHawhafWnNz-02iR1kHZBlc,https://drive.google.com/open?id=o-fi6b154rtX9pG1RQNSOXH7BDrU2NhdX
7/11/2026 13:45:43,RIDWAN IMRAN BIN KAMAL,101024156317,M/L,UNDER 18,SMK SERI BINTANG UTARA,0100800691,ridwan11@yahoo.com.my,https://drive.google.com/open?id=0MIN8HkcRRCs6f6v5_rKrbKrkmUPB7H96,https://drive.google.com/open?id=c-UyKE1vyApBMJZbzWvUDxdqEsK3XrQXb
7/11/2026 13:46:22,SYAFIQ MUHAMMAD BIN NASIR,160313105457,M/L,UNDER 12,SEKOLAH MENENGAH KEBANGSAAN AMINUDDIN BAKI,0188251402,syafiq_24@yahoo.com,https://drive.google.com/open?id=UuWerOAaNTpgW5rIoxFG3NR_fPwiGzav1,https://drive.google.com/open?id=win-ke0wpW41dW3c5C2iS2s6BUJc6vdjJ
7/11/2026 14:02:50,TAN KAI WEI ZHEN,160101121148,F/P,UNDER 12,SMK PETALING JAYA,0108330120,parent_tan@yahoo.com.my,https://drive.google.com/open?id=XBx107zmFfnxXSbWEavQVVwPmaNZj1eTP,https://drive.google.com/open?id=VA3YQz2LFsFffR2xDI1k4F-8FumBCZXhn
7/11/2026 14:19:19,CHEW JIA YONG ZHEN,141013165672,F/P,UNDER 12,SMK TAMAN DESA,0171148817,chew57@hotmail.com,https://drive.google.com/open?id=4ri0jFuITnUUIlKe5yfOrYP2YN8HuKyZ8,https://drive.google.com/open?id=W8mRlqxo92XSVbl4QfX0VupBMYKS83hGo
7/11/2026 14:45:13,CHAN YI CHEN,141205116012,F/P,UNDER 12,SMJK YU HUA,0175793336,chan8@hotmail.com,https://drive.google.com/open?id=kwE3PgT5CtGyoH7Sibg7D8qFC4cCAzb03,https://drive.google.com/open?id=dGWqjgnNu49GBNHyf0rfkpCNf0cOiu-tS
7/11/2026 16:03:27,SIVA ANAND A/L PILLAI,160703140259,M/L,UNDER 12,SMK TINGGI KAJANG,0163008921,siva66@yahoo.com.my,https://drive.google.com/open?id=y6uzC2MT51jbV107tOs-J3TZFwlmDp0wt,https://drive.google.com/open?id=U27BrXmb22ihAindmJUd4S5oKQzaaaKQM
7/11/2026 16:44:17,LIM YING JIA,080715052226,F/P,UNDER 18,SMK TAMAN CONNAUGHT,0186069547,lim83@yahoo.com,https://drive.google.com/open?id=OpMVkLkXaA1pcP2n0Ms-4GgVsA9BjMO3i,https://drive.google.com/open?id=SbzzETUwAQKuzgpJNWOg0DKhW-3KS5fPH
7/11/2026 17:16:49,HAFIZ IMRAN BIN HASSAN,080213135849,M/L,UNDER 18,SMK TAMAN DESA,0195728510,hafiz.42@gmail.com,https://drive.google.com/open?id=V4n8fFuN5_7fuyW9DhReNnj54LwhPLGst,https://drive.google.com/open?id=N1bL7l1YcxdbDXRB0YG2Nr70PCgjmBW3X
7/11/2026 18:34:23,HO JUN YONG KAI,080210090970,F/P,UNDER 18,SMK WANGSA MAJU,0149836571,ho90@gmail.com,https://drive.google.com/open?id=yMBGoSsd6Nujr8jy1427p4Moum9DrTws7,https://drive.google.com/open?id=pRBPIjA-F1_AfkzkGJztcQrg3cCtgGs2D
